Object.ID,level,level2,level3,Names,Material,Materials,Object.Name,Link.Resource
500527,Aerophone,Organ,Organ,Pipe Organ,Wood,Wood | metal | various materials,Pipe Organ,http://www.metmuseum.org/art/collection/search/500527
500533,Aerophone,Reed Vibrated,double reed,Oboe,Boxwood,Boxwood | brass,Oboe,http://www.metmuseum.org/art/collection/search/500533
500561,Aerophone,Reed Vibrated,bagpipe,Cornemuse,Wood,Wood | ivory | sheep or cowhide | leather | velvet,Cornemuse,http://www.metmuseum.org/art/collection/search/500561
500597,Aerophone,Reed Vibrated,double reed,Suona,Rosewood,Rosewood | brass.,Suona,http://www.metmuseum.org/art/collection/search/500597
500598,Aerophone,Reed Vibrated,double reed,Haidi,Rosewood,Rosewood | brass.,Haidi,http://www.metmuseum.org/art/collection/search/500598
500599,Aerophone,Lip Vibrated,trumpet / trombone,Lapa,Wood,Wood | metal | various materials,Lapa,http://www.metmuseum.org/art/collection/search/500599
500600,Aerophone,Lip Vibrated,trumpet / trombone,Zhajiao,Wood,Wood | metal | various materials,Zhajiao,http://www.metmuseum.org/art/collection/search/500600
500609,Aerophone,Lip Vibrated,horn,Hai-Lo,Wood,Wood | metal | various materials,Hai-Lo,http://www.metmuseum.org/art/collection/search/500609
500629,Aerophone,Blow Hole,end-blown flute (vertical),Xiao (flute),Wood,Wood | metal | various materials,Xiao (flute),http://www.metmuseum.org/art/collection/search/500629
500630,Aerophone,Blow Hole,side-blown flute (transverse),Dizi,Wood,Wood | metal | various materials,Dizi,http://www.metmuseum.org/art/collection/search/500630
500631,Aerophone,Reed Vibrated,double reed,Quanzi,Wood,Wood | metal | various materials,Quanzi,http://www.metmuseum.org/art/collection/search/500631
500632,Aerophone,Blow Hole,end-blown flute (vertical),Pina,Wood,Wood | metal | various materials,Pina,http://www.metmuseum.org/art/collection/search/500632
500633,Aerophone,Blow Hole,end-blown flute (vertical),Xiao,Wood,Wood | metal | various materials,Xiao,http://www.metmuseum.org/art/collection/search/500633
500636,Aerophone,Lip Vibrated,trumpet / trombone,Haotong (natural trumpet),Wood,Wood | metal | various materials,Haotong (natural trumpet),http://www.metmuseum.org/art/collection/search/500636
500638,Aerophone,Whistle Flute,whistle,Osobuki,Wood,Wood | metal | various materials,Osobuki,http://www.metmuseum.org/art/collection/search/500638
500654,Aerophone,Lip Vibrated,trumpet / trombone,Horagai or Rappakai,Shell; triton,Shell; triton | tritonis.,Horagai or Rappakai,http://www.metmuseum.org/art/collection/search/500654
500656,Aerophone,Free Reed,mouth organ,Dosa,copper,copper | cord,Dosa,http://www.metmuseum.org/art/collection/search/500656
500657,Aerophone,Free Reed,mouth organ,Sho,wood,wood | metal,Sho,http://www.metmuseum.org/art/collection/search/500657
500663,Aerophone,Blow Hole,end-blown flute (vertical),Fue,Wood,Wood | metal | various materials,Fue,http://www.metmuseum.org/art/collection/search/500663
500664,Aerophone,Reed Vibrated,double reed,Hichiriki,Wood,Wood | bamboo,Hichiriki,http://www.metmuseum.org/art/collection/search/500664
500668,Aerophone,Lip Vibrated,trumpet / trombone,Rkangling (leg bone flute),Wood,Wood | metal | various materials,Rkangling (leg bone flute),http://www.metmuseum.org/art/collection/search/500668
500684,Aerophone,Blow Hole,end-blown flute (vertical),Shakuhachi,Bamboo,Bamboo | horn | lacquer,Shakuhachi,http://www.metmuseum.org/art/collection/search/500684
500688,Aerophone,Blow Hole,end-blown flute (vertical),Hitoyokiri,Wood,Wood | metal | various materials,Hitoyokiri,http://www.metmuseum.org/art/collection/search/500688
500689,Aerophone,Blow Hole,end-blown flute (vertical),Hitoyogiri,Wood,Wood | metal | various materials,Hitoyogiri,http://www.metmuseum.org/art/collection/search/500689
500726,Aerophone,Blow Hole,end-blown flute (vertical),Tanso,Wood,Wood | metal | various materials,Tanso,http://www.metmuseum.org/art/collection/search/500726
500729,Aerophone,Reed Vibrated,double reed,T'aep'Yongso,Wood,Wood | metal | reed,T'aep'Yongso,http://www.metmuseum.org/art/collection/search/500729
500733,Aerophone,Lip Vibrated,trumpet / trombone,Nag-Phéni,copper,copper | paint,Nag-Phéni,http://www.metmuseum.org/art/collection/search/500733
500743,Aerophone,Lip Vibrated,horn,Ranasringa,Metal,Metal | muslin,Ranasringa,http://www.metmuseum.org/art/collection/search/500743
500749,Aerophone,Reed Vibrated,single reed cylindrical,Tubri,Gourd,Gourd | wood | reeds,Tubri,http://www.metmuseum.org/art/collection/search/500749
500764,Aerophone,Lip Vibrated,trumpet / trombone,Turha or Karna,Wood,Wood | metal | various materials,Turha or Karna,http://www.metmuseum.org/art/collection/search/500764
500766,Aerophone,Reed Vibrated,double reed,Hnè,Wood,Wood | metal | various materials,Hnè,http://www.metmuseum.org/art/collection/search/500766
500781,Aerophone,Lip Vibrated,trumpet / trombone,Nagphani,Wood,Wood | metal | various materials,Nagphani,http://www.metmuseum.org/art/collection/search/500781
500790,Aerophone,Whistle Flute,flageolet,Algoja,Wood,Wood | metal | various materials,Algoja,http://www.metmuseum.org/art/collection/search/500790
500791,Aerophone,Reed Vibrated,single reed cylindrical,Double Clarinet,Reed,Reed | wax | string,Double Clarinet,http://www.metmuseum.org/art/collection/search/500791
500792,Aerophone,Whistle Flute,flageolet,Puloay,Wood,Wood | metal | various materials,Puloay,http://www.metmuseum.org/art/collection/search/500792
500793,Aerophone,Blow Hole,end-blown flute (vertical),Flute,Wood,Wood | metal | various materials,Flute,http://www.metmuseum.org/art/collection/search/500793
500803,Aerophone,Free Reed,Free Reed,Gweh (Horn),Wood,Wood | metal | various materials,Gweh (Horn),http://www.metmuseum.org/art/collection/search/500803
500812,Aerophone,Free Reed,harmonium,Khaen,Wood,Wood | skin | iron,Khaen,http://www.metmuseum.org/art/collection/search/500812
500837,Aerophone,Free Reed,Free Reed,Koy,Wood,Wood | metal | various materials,Koy,http://www.metmuseum.org/art/collection/search/500837
500838,Aerophone,Reed Vibrated,single reed cylindrical,Pungi,Gourd,Gourd | wood,Pungi,http://www.metmuseum.org/art/collection/search/500838
500842,Aerophone,Free Reed,mouth organ,Hnyìn,Bamboo,Bamboo | gourd,Hnyìn,http://www.metmuseum.org/art/collection/search/500842
500880,Aerophone,Reed Vibrated,double reed,Contrabassoon in C,Maple,Maple | brass,NA,http://www.metmuseum.org/art/collection/search/500880
500891,Aerophone,Whistle Flute,whistle,Pottery Whistle,Wood,Wood | metal | various materials,Pottery Whistle,http://www.metmuseum.org/art/collection/search/500891
500894,Aerophone,Whistle Flute,whistle,Pottery Whistle?,Wood,Wood | metal | various materials,Pottery Whistle?,http://www.metmuseum.org/art/collection/search/500894
500896,Aerophone,Blow Hole,side-blown flute (transverse),Flauto d'Amore,Boxwood,Boxwood | silver | ivory,Flauto d'Amore,http://www.metmuseum.org/art/collection/search/500896
500904,Aerophone,Reed Vibrated,single reed cylindrical,Clarinet in C,Grenadilla,Grenadilla | ivory | silver,NA,http://www.metmuseum.org/art/collection/search/500904
500908,Aerophone,Reed Vibrated,bagpipe,Mashak,Wood,Wood | leather,Mashak,http://www.metmuseum.org/art/collection/search/500908
500909,Aerophone,Reed Vibrated,bagpipe,Sruti Upanga,Cane,Cane | goatskin | hemp | wax,Sruti Upanga,http://www.metmuseum.org/art/collection/search/500909
500939,Aerophone,Lip Vibrated,horn,Upright Serpent in D,Brass,Brass | paint,NA,http://www.metmuseum.org/art/collection/search/500939
500945,Aerophone,Reed Vibrated,bagpipe,Volynka,Wood,Wood | brass | horn | sheepskin | glass,Volynka,http://www.metmuseum.org/art/collection/search/500945
500951,Aerophone,Lip Vibrated,horn,Russian Bassoon,Wood,Wood | metal | various materials,Russian Bassoon,http://www.metmuseum.org/art/collection/search/500951
500969,Aerophone,Reed Vibrated,bagpipe,Zukra,Cane,Cane | horn | bone | kidskin | wood,Zukra,http://www.metmuseum.org/art/collection/search/500969
500994,Aerophone,Lip Vibrated,horn,Shofar,Wood,Wood | metal | various materials,Shofar,http://www.metmuseum.org/art/collection/search/500994
501015,Aerophone,Reed Vibrated,double reed,Zurna,Wood,Wood | metal | various materials,Zurna,http://www.metmuseum.org/art/collection/search/501015
501049,Aerophone,Blow Hole,end-blown flute (vertical),Kaval,Wood,Wood | metal | various materials,Kaval,http://www.metmuseum.org/art/collection/search/501049
501050,Aerophone,Blow Hole,end-blown flute (vertical),Nay,Wood,Wood | metal | various materials,Nay,http://www.metmuseum.org/art/collection/search/501050
501056,Aerophone,Blow Hole,end-blown flute (vertical),Düdük,Wood,Wood | metal | various materials,Düdük,http://www.metmuseum.org/art/collection/search/501056
501057,Aerophone,Reed Vibrated,single reed cylindrical,Meijiwiz,Wood,Wood | metal | various materials,Meijiwiz,http://www.metmuseum.org/art/collection/search/501057
501075,Aerophone,Lip Vibrated,horn,Horn,Wood,Wood | metal | various materials,Horn,http://www.metmuseum.org/art/collection/search/501075
501084,Aerophone,Lip Vibrated,horn,Kudu Horn,Wood,Wood | metal | various materials,Kudu Horn,http://www.metmuseum.org/art/collection/search/501084
501132,Aerophone,Lip Vibrated,trumpet / trombone,Antsiva,Wood,Wood | metal | various materials,Antsiva,http://www.metmuseum.org/art/collection/search/501132
501134,Aerophone,Blow Hole,panpipe,Enkwanzi (panpipe),Bamboo,Bamboo | fiber,Enkwanzi (panpipe),http://www.metmuseum.org/art/collection/search/501134
501141,Aerophone,Blow Hole,side-blown flute (transverse),Transverse Flute,Wood,Wood | metal | various materials,Transverse Flute,http://www.metmuseum.org/art/collection/search/501141
501142,Aerophone,Whistle Flute,whistle,Whistle,Wood,Wood | metal | various materials,Whistle,http://www.metmuseum.org/art/collection/search/501142
501188,Aerophone,Reed Vibrated,pipe,Reed Pipe,spruce root,spruce root | wood (red cedar or spruce),Reed Pipe,http://www.metmuseum.org/art/collection/search/501188
501189,Aerophone,Blow Hole,end-blown flute (vertical),Mystery Flute (Tohono O'odham style),Cane,Cane | red and blue stain,Mystery Flute (Tohono O'odham style),http://www.metmuseum.org/art/collection/search/501189
501190,Aerophone,Blow Hole,end-blown flute (vertical),Tahpeno (duct flute),Wood,Wood | metal (lead?) | cord,Tahpeno (duct flute),http://www.metmuseum.org/art/collection/search/501190
501191,Aerophone,Blow Hole,end-blown flute (vertical),Flute (end blown flute),Wood,Wood | skin | shell | beads,Flute (end blown flute),http://www.metmuseum.org/art/collection/search/501191
501193,Aerophone,Whistle Flute,flageolet,Chotonka-Chanta-Ki-Yapi,Wood,Wood | hide,Chotonka-Chanta-Ki-Yapi,http://www.metmuseum.org/art/collection/search/501193
501194,Aerophone,Blow Hole,side-blown flute (transverse),Flute,Wood,Wood | polychrome | sinew,Flute,http://www.metmuseum.org/art/collection/search/501194
501195,Aerophone,Blow Hole,end-blown flute (vertical),Siyontanka (flute),Wood,Wood | skin,Siyontanka (flute),http://www.metmuseum.org/art/collection/search/501195
501199,Aerophone,Lip Vibrated,trumpet / trombone,Jindai Rappa,Wood,Wood | metal | various materials,Jindai Rappa,http://www.metmuseum.org/art/collection/search/501199
501202,Aerophone,Whistle Flute,whistle,Double Whistle,Deer tibia bone,Deer tibia bone | abalone shell | asphaltum,Double Whistle,http://www.metmuseum.org/art/collection/search/501202
501234,Aerophone,Reed Vibrated,pipe,K'oak'Omolakula (Reed Pipe),Wood,Wood | metal | various materials,K'oak'Omolakula (Reed Pipe),http://www.metmuseum.org/art/collection/search/501234
501238,Aerophone,Whistle Flute,stopped pipe,Half-Stopped Pipe,Wood,Wood | metal | various materials,Half-Stopped Pipe,http://www.metmuseum.org/art/collection/search/501238
501241,Aerophone,Free Reed,mouth organ,Harmonica,Wood,Wood | metal,Harmonica,http://www.metmuseum.org/art/collection/search/501241
501256,Aerophone,Blow Hole,vessel flute,Pottery Flute,Wood,Wood | metal | various materials,Pottery Flute,http://www.metmuseum.org/art/collection/search/501256
501259,Aerophone,Whistle Flute,recorder,Pottery Flute,Wood,Wood | metal | various materials,Pottery Flute,http://www.metmuseum.org/art/collection/search/501259
501271,Aerophone,Whistle Flute,recorder,Uilacapitztli (Pottery Flute),Wood,Wood | metal | various materials,Uilacapitztli (Pottery Flute),http://www.metmuseum.org/art/collection/search/501271
501298,Aerophone,Whistle Flute,recorder,Contrabass Recorder in D?,Wood,Wood | brass,NA,http://www.metmuseum.org/art/collection/search/501298
501299,Aerophone,Blow Hole,side-blown flute (transverse),Transverse Flute in D,wood,wood | nickel-silver,NA,http://www.metmuseum.org/art/collection/search/501299
501301,Aerophone,Blow Hole,end-blown flute (vertical),Wat-Sa-Pua,bone,bone | wool | wax,Wat-Sa-Pua,http://www.metmuseum.org/art/collection/search/501301
501302,Aerophone,Lip Vibrated,horn,Engraved Horn,Wood,Wood | metal | various materials,Engraved Horn,http://www.metmuseum.org/art/collection/search/501302
501305,Aerophone,Blow Hole,vessel flute,Whistling Jar,Wood,Wood | metal | various materials,Whistling Jar,http://www.metmuseum.org/art/collection/search/501305
501307,Aerophone,Whistle Flute,stopped pipe,Stopped Pipe,wood,wood | cord | resin | cloth,Stopped Pipe,http://www.metmuseum.org/art/collection/search/501307
501312,Aerophone,Lip Vibrated,trumpet / trombone,Bark Trumpet / Moose Call,birch bark,birch bark | cord,Bark Trumpet / Moose Call,http://www.metmuseum.org/art/collection/search/501312
501326,Aerophone,Blow Hole,panpipe,Panpipes,Wood,Wood | metal | various materials,Panpipes,http://www.metmuseum.org/art/collection/search/501326
501333,Aerophone,Reed Vibrated,pipe,Pito,Wood,Wood | metal | various materials,Pito,http://www.metmuseum.org/art/collection/search/501333
501334,Aerophone,Whistle Flute,whistle flute,Whistle,Wood,Wood | metal | various materials,Whistle,http://www.metmuseum.org/art/collection/search/501334
501338,Aerophone,Blow Hole,side-blown flute (transverse),Poo-Do-Parana (flute),bamboo,bamboo | dried grass,Poo-Do-Parana (flute),http://www.metmuseum.org/art/collection/search/501338
501339,Aerophone,Blow Hole,end-blown flute (vertical),Rattle Staff,Cane,Cane | wood | cotton cord,Rattle Staff,http://www.metmuseum.org/art/collection/search/501339
501351,Aerophone,Blow Hole,end-blown flute (vertical),Ipu Hokiokio,Wood,Wood | metal | various materials,Ipu Hokiokio,http://www.metmuseum.org/art/collection/search/501351
501354,Aerophone,Free Aerophone,Free Aerophone,Wilmurra,Wood,Wood | metal | various materials,Wilmurra,http://www.metmuseum.org/art/collection/search/501354
501384,Aerophone,Lip Vibrated,trumpet / trombone,Pupa Galanga,Wood,Wood | metal | various materials,Pupa Galanga,http://www.metmuseum.org/art/collection/search/501384
501395,Aerophone,Lip Vibrated,horn,Trumpet,Wood,Wood | metal | various materials,Trumpet,http://www.metmuseum.org/art/collection/search/501395
501400,Aerophone,Lip Vibrated,trumpet / trombone,Conch Shell Trumpet,Wood,Wood | metal | various materials,Conch Shell Trumpet,http://www.metmuseum.org/art/collection/search/501400
501408,Aerophone,Blow Hole,nose flute,Mbita-Ni-Tanga,Wood,Wood | metal | various materials,Mbita-Ni-Tanga,http://www.metmuseum.org/art/collection/search/501408
501414,Aerophone,Blow Hole,panpipe,Putu,Wood,Wood | metal | various materials,Putu,http://www.metmuseum.org/art/collection/search/501414
501416,Aerophone,Blow Hole,panpipe,Galeon,Wood,Wood | metal | various materials,Galeon,http://www.metmuseum.org/art/collection/search/501416
501421,Aerophone,Lip Vibrated,trumpet / trombone,Valve Trumpet in B-flat,Wood,Wood | metal | various materials,NA,http://www.metmuseum.org/art/collection/search/501421
501432,Aerophone,Free Reed,mouth organ,Engkerurai,Bamboo,Bamboo | rattan | gourd,Engkerurai,http://www.metmuseum.org/art/collection/search/501432
501434,Aerophone,Blow Hole,end-blown flute (vertical),Souling,Wood,Wood | metal | various materials,Souling,http://www.metmuseum.org/art/collection/search/501434
501435,Aerophone,Blow Hole,nose flute,Nose Flute,bamboo,bamboo | rattan,Nose Flute,http://www.metmuseum.org/art/collection/search/501435
501438,Aerophone,Blow Hole,panpipe,Galeon Soniruka,Wood,Wood | metal | various materials,Galeon Soniruka,http://www.metmuseum.org/art/collection/search/501438
501440,Aerophone,Blow Hole,panpipe,Galevu Hohamamu,Bamboo,Bamboo | fiber,Galevu Hohamamu,http://www.metmuseum.org/art/collection/search/501440
501444,Aerophone,Blow Hole,end-blown flute (vertical),Bue Balabala,Wood,Wood | metal | various materials,Bue Balabala,http://www.metmuseum.org/art/collection/search/501444
501446,Aerophone,Blow Hole,panpipe,Bue Balabala,Wood,Wood | metal | various materials,Bue Balabala,http://www.metmuseum.org/art/collection/search/501446
501447,Aerophone,Blow Hole,panpipe,Galeon Ngungu,Wood,Wood | metal | various materials,Galeon Ngungu,http://www.metmuseum.org/art/collection/search/501447
501451,Aerophone,Blow Hole,panpipe,Kove,Wood,Wood | metal | various materials,Kove,http://www.metmuseum.org/art/collection/search/501451
501465,Aerophone,Blow Hole,end-blown flute (vertical),Tabor Pipe,wood,wood | brass,Tabor Pipe,http://www.metmuseum.org/art/collection/search/501465
501467,Aerophone,Reed Vibrated,bagpipe,Karamuza,wood,wood | cane | leather | sheepskin,Karamuza,http://www.metmuseum.org/art/collection/search/501467
501469,Aerophone,Reed Vibrated,bagpipe,Uillean Pipe,Sheepskin,Sheepskin | ivory | brass | wood | leather,Uillean Pipe,http://www.metmuseum.org/art/collection/search/501469
501470,Aerophone,Reed Vibrated,bagpipe,Cornemuse Du Nivernais,wood,wood | pewter | sheep or goatskin,Cornemuse Du Nivernais,http://www.metmuseum.org/art/collection/search/501470
501473,Aerophone,Reed Vibrated,bagpipe,Miniature Toy Zampogna,wood,wood | leather,Miniature Toy Zampogna,http://www.metmuseum.org/art/collection/search/501473
501474,Aerophone,Reed Vibrated,bagpipe,Piob Mhór,wood,wood | ivory | horn | cloth,Piob Mhór,http://www.metmuseum.org/art/collection/search/501474
501477,Aerophone,Reed Vibrated,bagpipe,Cabrette,Wood,Wood | metal | various materials,Cabrette,http://www.metmuseum.org/art/collection/search/501477
501486,Aerophone,Blow Hole,end-blown flute (vertical),Vertical Duct Flute in D,Wood,Wood | metal | various materials,NA,http://www.metmuseum.org/art/collection/search/501486
501490,Aerophone,Blow Hole,end-blown flute (vertical),Duct Flute,Wood,Wood | metal | various materials,Duct Flute,http://www.metmuseum.org/art/collection/search/501490
501492,Aerophone,Reed Vibrated,double reed,Sea Dragon,Wood,Wood | brass | gilding,Sea Dragon,http://www.metmuseum.org/art/collection/search/501492
501501,Aerophone,Reed Vibrated,double reed,Sopranino Shawm,wood,wood | ivory,Sopranino Shawm,http://www.metmuseum.org/art/collection/search/501501
501502,Aerophone,Reed Vibrated,double reed,Hautbois de Poitou,wood,wood | ivory | metal,Hautbois de Poitou,http://www.metmuseum.org/art/collection/search/501502
501506,Aerophone,Reed Vibrated,double reed,Piffaro,Wood,Wood | metal | various materials,Piffaro,http://www.metmuseum.org/art/collection/search/501506
501512,Aerophone,Whistle Flute,flageolet,Flageolet in B-flat,Wood,Wood | ivory silver,NA,http://www.metmuseum.org/art/collection/search/501512
501525,Aerophone,Whistle Flute,recorder,Pitch Pipe,wood,wood | brass,Pitch Pipe,http://www.metmuseum.org/art/collection/search/501525
501547,Aerophone,Reed Vibrated,double reed,Pipiza,Wood,Wood | metal | various materials,Pipiza,http://www.metmuseum.org/art/collection/search/501547
501548,Aerophone,Reed Vibrated,double reed,Doccaina,Wood,Wood | brass | nickel-silver,Doccaina,http://www.metmuseum.org/art/collection/search/501548
501667,Aerophone,Lip Vibrated,trumpet / trombone,Cornu (reproduction),metal,metal | wood,Cornu (reproduction),http://www.metmuseum.org/art/collection/search/501667
501674,Aerophone,Reed Vibrated,bagpipe,Zampogna,Wood,Wood | metal,Zampogna,http://www.metmuseum.org/art/collection/search/501674
501678,Aerophone,Lip Vibrated,trumpet / trombone,Trumpet,Wood,Wood | metal | various materials,Trumpet,http://www.metmuseum.org/art/collection/search/501678
501686,Aerophone,Lip Vibrated,horn,Orchestral Horn,Wood,Wood | metal | various materials,Orchestral Horn,http://www.metmuseum.org/art/collection/search/501686
501688,Aerophone,Lip Vibrated,horn,Glass Horn,Wood,Wood | metal | various materials,Glass Horn,http://www.metmuseum.org/art/collection/search/501688
501691,Aerophone,Lip Vibrated,horn,Ceramic Horn,Wood,Wood | metal | various materials,Ceramic Horn,http://www.metmuseum.org/art/collection/search/501691
501698,Aerophone,Other,Other,Flute Harmonique,Wood,Wood | metal | various materials,Flute Harmonique,http://www.metmuseum.org/art/collection/search/501698
501700,Aerophone,Free Reed,concertina / accordion,Concertina,Palisander,Palisander | leather | paper | ivory,Concertina,http://www.metmuseum.org/art/collection/search/501700
501708,Aerophone,Lip Vibrated,trumpet / trombone,Horn,Wood,Wood | leather | ivory,Horn,http://www.metmuseum.org/art/collection/search/501708
501709,Aerophone,Lip Vibrated,horn,Hunting Horn,Wood,Wood | leather | ivory or composition material,Hunting Horn,http://www.metmuseum.org/art/collection/search/501709
501712,Aerophone,Lip Vibrated,horn,Bukkehorn,Wood,Wood | metal | various materials,Bukkehorn,http://www.metmuseum.org/art/collection/search/501712
501743,Aerophone,Lip Vibrated,trumpet / trombone,Natural Horn,brass,brass | leather,Natural Horn,http://www.metmuseum.org/art/collection/search/501743
501763,Aerophone,Free Reed,harmonium,Hamoniphon,Wood,Wood | metal | various materials,Hamoniphon,http://www.metmuseum.org/art/collection/search/501763
501765,Aerophone,Free Reed,harmonium,Rocking Melodeon,Wood,Wood | various materials,Rocking Melodeon,http://www.metmuseum.org/art/collection/search/501765
501776,Aerophone,Free Reed,harmonium,Melophone,Maple,Maple | brass,Melophone,http://www.metmuseum.org/art/collection/search/501776
501786,Aerophone,Automatic,Automatic,Barrel Organ,Wood,Wood | various materials,Barrel Organ,http://www.metmuseum.org/art/collection/search/501786
501844,Aerophone,Whistle Flute,recorder,Flute,Wood,Wood | metal | various materials,Flute,http://www.metmuseum.org/art/collection/search/501844
501869,Aerophone,Free Reed,harmonium,Harmonicor,Wood,Wood | metal ivory | horn,Harmonicor,http://www.metmuseum.org/art/collection/search/501869
501874,Aerophone,Free Reed,concertina / accordion,Accordion,Wood,Wood | metal | various materials,Accordion,http://www.metmuseum.org/art/collection/search/501874
502011,Aerophone,Lip Vibrated,trumpet / trombone,Rng-Gling,Wood,Wood | metal | various materials,Rng-Gling,http://www.metmuseum.org/art/collection/search/502011
502087,Aerophone,Reed Vibrated,bagpipe,Northumbrian Small-Pipe,Wood,Wood | leather | ivory | brass,Northumbrian Small-Pipe,http://www.metmuseum.org/art/collection/search/502087
502088,Aerophone,Reed Vibrated,bagpipe,Union Pipe,Wood,Wood | velvet | leather | cloth | ivory | metal,Union Pipe,http://www.metmuseum.org/art/collection/search/502088
502136,Aerophone,Blow Hole,end-blown flute (vertical),Putorino,wood,wood | cord,Putorino,http://www.metmuseum.org/art/collection/search/502136
502181,Aerophone,Lip Vibrated,trumpet / trombone,Alpine Horn,Wood,Wood | paper,Alpine Horn,http://www.metmuseum.org/art/collection/search/502181
502189,Aerophone,Lip Vibrated,horn,Ohotniche Rogie sounding B-flat,Copper,Copper | nickel-silver,Ohotniche Rogie sounding B-flat,http://www.metmuseum.org/art/collection/search/502189
502199,Aerophone,Reed Vibrated,single reed cylindrical,Bass Clarinet,Wood,Wood | nickel-silver | brass,Bass Clarinet,http://www.metmuseum.org/art/collection/search/502199
502208,Aerophone,Lip Vibrated,horn,Falconer's Horn,Wood,Wood | metal | various materials,Falconer's Horn,http://www.metmuseum.org/art/collection/search/502208
502238,Aerophone,Reed Vibrated,double reed,Half-Contra Bassoon,Maple,Maple | brass,Half-Contra Bassoon,http://www.metmuseum.org/art/collection/search/502238
502285,Aerophone,Reed Vibrated,double reed,Tibia?,Bone,Bone | cement,Tibia?,http://www.metmuseum.org/art/collection/search/502285
502326,Aerophone,Free Reed,harmonium,Seraphine,Wood,Wood | metal | various materials,Seraphine,http://www.metmuseum.org/art/collection/search/502326
502327,Aerophone,Organ,Organ,Chamber Organ,Wood,Wood | metal | various materials,Chamber Organ,http://www.metmuseum.org/art/collection/search/502327
502342,Aerophone,Lip Vibrated,horn,Ohotniche Rogi sounding D,Wood,Wood | metal | various materials,Ohotniche Rogi sounding D,http://www.metmuseum.org/art/collection/search/502342
502343,Aerophone,Lip Vibrated,horn,Ohotniche Rogi sounding A,Wood,Wood | metal | various materials,Ohotniche Rogi sounding A,http://www.metmuseum.org/art/collection/search/502343
502344,Aerophone,Lip Vibrated,horn,Ohotniche Rogi sounding E,Wood,Wood | metal | various materials,Ohotniche Rogi sounding E,http://www.metmuseum.org/art/collection/search/502344
502347,Aerophone,Reed Vibrated,bagpipe,Musette,boxwood,boxwood | ivory | brass | leather | silk,Musette,http://www.metmuseum.org/art/collection/search/502347
502641,Aerophone,Lip Vibrated,trumpet / trombone,Alto Slide Trombone,Wood,Wood | metal | various materials,Alto Slide Trombone,http://www.metmuseum.org/art/collection/search/502641
502652,Aerophone,Free Reed,mouth organ,Symphonium,nickel silver,nickel silver | ivory | brass | mother-of-pearl,Symphonium,http://www.metmuseum.org/art/collection/search/502652
502678,Aerophone,Free Reed,harmonium,Apollo Lyre,Wood,Wood | metal | various materials,Apollo Lyre,http://www.metmuseum.org/art/collection/search/502678
502718,Aerophone,Lip Vibrated,horn,Trompe à la Dampierre,Wood,Wood | metal | various materials,Trompe à la Dampierre,http://www.metmuseum.org/art/collection/search/502718
502742,Aerophone,Whistle Flute,whistle,Double Pottery Whistle,Wood,Wood | metal | various materials,Double Pottery Whistle,http://www.metmuseum.org/art/collection/search/502742
503033,Aerophone,Blow Hole,side-blown flute (transverse),Ryuteki,Wood,Wood | metal | various materials,Ryuteki,http://www.metmuseum.org/art/collection/search/503033
503034,Aerophone,Blow Hole,side-blown flute (transverse),Komabue,Wood,Wood | metal | various materials,Komabue,http://www.metmuseum.org/art/collection/search/503034
503036,Aerophone,Reed Vibrated,double reed,Hitoyogiri,Wood,Wood | lacquer | gilt,Hitoyogiri,http://www.metmuseum.org/art/collection/search/503036
503157,Aerophone,Whistle Flute,vessel flute,Ocarina,Wood,Wood | metal | various materials,Ocarina,http://www.metmuseum.org/art/collection/search/503157
503192,Aerophone,Blow Hole,end-blown flute (vertical),Quena (Kena),Wood,Wood | metal | various materials,Quena (Kena),http://www.metmuseum.org/art/collection/search/503192
503232,Aerophone,Lip Vibrated,horn,Rotary Valve Cornet,Wood,Wood | metal | various materials,Rotary Valve Cornet,http://www.metmuseum.org/art/collection/search/503232
503238,Aerophone,Blow Hole,vessel flute,Ocarina,Wood,Wood | metal | various materials,Ocarina,http://www.metmuseum.org/art/collection/search/503238
503348,Aerophone,Lip Vibrated,trumpet / trombone,Dung-Chen,Brass,Brass | copper | cloisonné,Dung-Chen,http://www.metmuseum.org/art/collection/search/503348
503358,Aerophone,Lip Vibrated,trumpet / trombone,Dung Chen,Wood,Wood | metal | various materials,Dung Chen,http://www.metmuseum.org/art/collection/search/503358
503418,Aerophone,Blow Hole,side-blown flute (transverse),Piccolo,Ivory,Ivory | brass | silver,Piccolo,http://www.metmuseum.org/art/collection/search/503418
503466,Aerophone,Reed Vibrated,double reed,Grand oboe,Boxwood,Boxwood | brass,Grand oboe,http://www.metmuseum.org/art/collection/search/503466
503467,Aerophone,Blow Hole,side-blown flute (transverse),Pair of Transverse Flutes,Ivory,Ivory | silver | wood,Pair of Transverse Flutes,http://www.metmuseum.org/art/collection/search/503467
503512,Aerophone,Reed Vibrated,double reed,English Horn,Nickel-silver,Nickel-silver | boxwood,English Horn,http://www.metmuseum.org/art/collection/search/503512
503525,Aerophone,Reed Vibrated,double reed,Bassoon,Wood,Wood | brass,Bassoon,http://www.metmuseum.org/art/collection/search/503525
503527,Aerophone,Lip Vibrated,horn,Cor solo,Brass,Brass | original wooden box.,Cor solo,http://www.metmuseum.org/art/collection/search/503527
503541,Aerophone,Whistle Flute,recorder,Fipple Flute,Pottery,Pottery | polychrome,Fipple Flute,http://www.metmuseum.org/art/collection/search/503541
503542,Aerophone,Blow Hole,vessel flute,Jaguar Whistling Jar,Ceramic,Ceramic | polychrome,Jaguar Whistling Jar,http://www.metmuseum.org/art/collection/search/503542
503553,Aerophone,Lip Vibrated,trumpet / trombone,Valve Trumpet,Brass,Brass | nickel-silver,Valve Trumpet,http://www.metmuseum.org/art/collection/search/503553
503577,Aerophone,Lip Vibrated,horn,Cornet Omnitonique,Wood,Wood | metal | various materials,Cornet Omnitonique,http://www.metmuseum.org/art/collection/search/503577
503578,Aerophone,Reed Vibrated,bagpipe,Musette de Cour,Leather,Leather | ivory | silk | wood | silver | iron,Musette de Cour,http://www.metmuseum.org/art/collection/search/503578
503632,Aerophone,Free Reed,mouth organ,Sheng,Wood,Wood | metal | ivory,Sheng,http://www.metmuseum.org/art/collection/search/503632
503639,Aerophone,Reed Vibrated,bagpipe,Tulum,Wood,Wood | cane | goat or kidskin,Tulum,http://www.metmuseum.org/art/collection/search/503639
503645,Aerophone,Lip Vibrated,horn,Wind Instrument,Wood,Wood | metal | various materials,Wind Instrument,http://www.metmuseum.org/art/collection/search/503645
503656,Aerophone,Lip Vibrated,horn,Rufhorn,Wood,Wood | metal | various materials,Rufhorn,http://www.metmuseum.org/art/collection/search/503656
503657,Aerophone,Lip Vibrated,trumpet / trombone,Cornu,Wood,Wood | metal | various materials,Cornu,http://www.metmuseum.org/art/collection/search/503657
503699,Aerophone,Reed Vibrated,double reed,Tibia,Ivory,Ivory | silver | chalcedony,Tibia,http://www.metmuseum.org/art/collection/search/503699
503762,Aerophone,Lip Vibrated,Lip Vibrated,Rotary Valve Cornet,Metal,Metal | silver plated,Rotary Valve Cornet,http://www.metmuseum.org/art/collection/search/503762
503796,Aerophone,Lip Vibrated,trumpet / trombone,Bone Trumpet,Wood,Wood | metal | various materials,Bone Trumpet,http://www.metmuseum.org/art/collection/search/503796
503810,Aerophone,Lip Vibrated,Lip Vibrated,Keyed Bugle,Wood,Wood | metal | various materials,Keyed Bugle,http://www.metmuseum.org/art/collection/search/503810
503814,Aerophone,Lip Vibrated,Lip Vibrated,Valve Trumpet in C,Brass,Brass | nickel-silver,NA,http://www.metmuseum.org/art/collection/search/503814
503819,Aerophone,Blow Hole,side-blown flute (transverse),Fife,Maple,Maple | brass,Fife,http://www.metmuseum.org/art/collection/search/503819
503897,Aerophone,Organ,Organ,Positive Organ,Woods,Woods | metal alloys | leather and various materials.,Positive Organ,http://www.metmuseum.org/art/collection/search/503897
503905,Aerophone,Blow Hole,vessel flute,Xun,Wood,Wood | metal | various materials,Xun,http://www.metmuseum.org/art/collection/search/503905
503940,Aerophone,Whistle Flute,Whistle Flute,Double Whistle,Pottery,Pottery | paint,Double Whistle,http://www.metmuseum.org/art/collection/search/503940
503955,Aerophone,Lip Vibrated,Lip Vibrated,Cor d'orchestre,Wood,Wood | metal | various materials,Cor d'orchestre,http://www.metmuseum.org/art/collection/search/503955
503956,Aerophone,Lip Vibrated,Lip Vibrated,Cor omnitonique,Wood,Wood | metal | various materials,Cor omnitonique,http://www.metmuseum.org/art/collection/search/503956
503957,Aerophone,Lip Vibrated,Lip Vibrated,Alto or Tenor Cornopean,Brass,Brass | nickel-silver,Alto or Tenor Cornopean,http://www.metmuseum.org/art/collection/search/503957
503962,Aerophone,Lip Vibrated,Lip Vibrated,Trompette Demilune,Wood,Wood | metal | various materials,Trompette Demilune,http://www.metmuseum.org/art/collection/search/503962
503968,Aerophone,Lip Vibrated,Lip Vibrated,Natural Trumpet,Wood,Wood | metal | various materials,Natural Trumpet,http://www.metmuseum.org/art/collection/search/503968
504179,Aerophone,Whistle Flute,flageolet,Flageolet,Boxwood,Boxwood | ivory | brass,Flageolet,http://www.metmuseum.org/art/collection/search/504179
504189,Aerophone,Free Reed,harmonium,Reed Organ (Physharmonika),Wood,Wood | metal,Reed Organ (Physharmonika),http://www.metmuseum.org/art/collection/search/504189
504190,Aerophone,Blow Hole,side-blown flute (transverse),Alto Flute,Boxwood,Boxwood | ivory | silver | pewter | brass | cork,Alto Flute,http://www.metmuseum.org/art/collection/search/504190
504200,Aerophone,Automatic,Automatic,Serinette,wood,wood | various materials,Serinette,http://www.metmuseum.org/art/collection/search/504200
504201,Aerophone,Reed Vibrated,single reed conical,Soprano saxophone in B-Flat,unplated brass,unplated brass | wood,NA,http://www.metmuseum.org/art/collection/search/504201
504212,Aerophone,Organ,Organ,Reed Organ (Physharmonica),Palisander,Palisander | brass.,Reed Organ (Physharmonica),http://www.metmuseum.org/art/collection/search/504212
504245,Aerophone,Reed Vibrated,single reed cylindrical,Basset Horn,Wood,Wood | leather | brass,Basset Horn,http://www.metmuseum.org/art/collection/search/504245
504257,Aerophone,Lip Vibrated,horn,Serpent,Wood,Wood | leather cover,Serpent,http://www.metmuseum.org/art/collection/search/504257
504397,Aerophone,Free Reed,harmonium,Harmonium,Wood,Wood | various materials,Harmonium,http://www.metmuseum.org/art/collection/search/504397
504400,Aerophone,Free Reed,Free Reed,Melodeon,Wood,Wood | various materials,Melodeon,http://www.metmuseum.org/art/collection/search/504400
504434,Aerophone,Free Reed,Free Reed,Cécilium,Maple,Maple | brass.,Cécilium,http://www.metmuseum.org/art/collection/search/504434
504497,Aerophone,Other,Other,Walking-Stick Flute/Oboe,Narwhal (narwhahl) tusk,Narwhal (narwhahl) tusk | ivory | gilt brass,Walking-Stick Flute/Oboe,http://www.metmuseum.org/art/collection/search/504497
504593,Aerophone,Lip Vibrated,Lip Vibrated,Bass saxhorn,Wood,Wood | metal | various materials,Bass saxhorn,http://www.metmuseum.org/art/collection/search/504593
504617,Aerophone,Lip Vibrated,horn,Rkang-Gling (Trumpet),Brass,Brass | cloisonné,Rkang-Gling (Trumpet),http://www.metmuseum.org/art/collection/search/504617
504626,Aerophone,Reed Vibrated,single reed conical,Alto Saxophone,Brass,Brass | ebony or cocus wood mouthpiece,Alto Saxophone,http://www.metmuseum.org/art/collection/search/504626
504650,Aerophone,Other,Other,Megaphone,Wood,Wood | metal | various materials,Megaphone,http://www.metmuseum.org/art/collection/search/504650
504667,Aerophone,Lip Vibrated,Lip Vibrated,circular trumpet,Brass,Brass | nickel-silver,circular trumpet,http://www.metmuseum.org/art/collection/search/504667
504674,Aerophone,Lip Vibrated,Lip Vibrated,French Horn,Brass,Brass | nickel-silver,French Horn,http://www.metmuseum.org/art/collection/search/504674
504686,Aerophone,Other,Other,Trombone,Wood,Wood | metal | various materials,Trombone,http://www.metmuseum.org/art/collection/search/504686
504717,Aerophone,Lip Vibrated,trumpet / trombone,Lapa (Trumpet),Wood,Wood | metal | various materials,Lapa (Trumpet),http://www.metmuseum.org/art/collection/search/504717
504718,Aerophone,Lip Vibrated,trumpet / trombone,Zhajiao (Trumpet),Wood,Wood | metal | various materials,Zhajiao (Trumpet),http://www.metmuseum.org/art/collection/search/504718
504752,Aerophone,Lip Vibrated,trumpet / trombone,Speaking Trumpet,Wood,Wood | metal | various materials,Speaking Trumpet,http://www.metmuseum.org/art/collection/search/504752
504753,Aerophone,Organ,Organ,Regal,Wood,Wood | various,Regal,http://www.metmuseum.org/art/collection/search/504753
504777,Aerophone,Lip Vibrated,horn,Cornopean,Wood,Wood | metal | various materials,Cornopean,http://www.metmuseum.org/art/collection/search/504777
504849,Aerophone,Free Reed,Free Reed,Physharmonika,Wood,Wood | metal | glass | brass | ivory | leather,Physharmonika,http://www.metmuseum.org/art/collection/search/504849
504920,Aerophone,Lip Vibrated,trumpet / trombone,Russian Bassoon (Bass Horn),wood,wood | brass,Russian Bassoon (Bass Horn),http://www.metmuseum.org/art/collection/search/504920
504965,Aerophone,Free Reed,Free Reed,Autophone Organette,Wood,Wood | metal | various,Autophone Organette,http://www.metmuseum.org/art/collection/search/504965
505011,Aerophone,Free Reed,Free Reed,Mouth Organ,Wood,Wood | leather | various materials,Mouth Organ,http://www.metmuseum.org/art/collection/search/505011
505032,Aerophone,Lip Vibrated,trumpet / trombone,Rkangling (legbone flute),Bone,Bone | copper | hide,Rkangling (legbone flute),http://www.metmuseum.org/art/collection/search/505032
505085,Aerophone,Lip Vibrated,trumpet / trombone,Coach Horn (?),Wood,Wood | metal | various materials,Coach Horn (?),http://www.metmuseum.org/art/collection/search/505085
505086,Aerophone,Whistle Flute,Whistle Flute,Kooauau,Wood,Wood | metal | various materials,Kooauau,http://www.metmuseum.org/art/collection/search/505086
505194,Aerophone,Reed Vibrated,bagpipe,Zuqqara (bagpipe),Cane,Cane | wood | goatskin | leather,Zuqqara (bagpipe),http://www.metmuseum.org/art/collection/search/505194
505208,Aerophone,Reed Vibrated,single reed cylindrical,Clarinet,Boxwood,Boxwood | ivory,Clarinet,http://www.metmuseum.org/art/collection/search/505208
505228,Aerophone,Organ,Organ,Upright piano and reed organ,Wood,Wood | metal | various materials,Upright piano and reed organ,http://www.metmuseum.org/art/collection/search/505228
505280,Aerophone,Lip Vibrated,trumpet / trombone,Rkangling,Copper,Copper | coral | stones,Rkangling,http://www.metmuseum.org/art/collection/search/505280
505311,Aerophone,Lip Vibrated,horn,Bass Ophicleide,Wood,Wood | metal | various materials,Bass Ophicleide,http://www.metmuseum.org/art/collection/search/505311
505353,Aerophone,Reed Vibrated,double reed,Bladder Pipe,Wood,Wood | leather | pig's bladder,Bladder Pipe,http://www.metmuseum.org/art/collection/search/505353
505432,Aerophone,Reed Vibrated,Reed Vibrated,Arghoul,Wood,Wood | metal | various materials,Arghoul,http://www.metmuseum.org/art/collection/search/505432
505483,Aerophone,Organ,Organ,Portative Organ,Wood,Wood | metal | various materials,Portative Organ,http://www.metmuseum.org/art/collection/search/505483
505628,Aerophone,Whistle Flute,vessel flute,Whistle,Ceramic,Ceramic | polychrome,Whistle,http://www.metmuseum.org/art/collection/search/505628
505631,Aerophone,Whistle Flute,vessel flute,Whistle Jar,Wood,Wood | metal | various materials,Whistle Jar,http://www.metmuseum.org/art/collection/search/505631
505639,Aerophone,Whistle Flute,recorder,Tabor Pipe,wood,wood | ivory,Tabor Pipe,http://www.metmuseum.org/art/collection/search/505639
505677,Aerophone,Reed Vibrated,double reed,Soprano Dulcian,Boxwood,Boxwood | brass,Soprano Dulcian,http://www.metmuseum.org/art/collection/search/505677
505681,Aerophone,Whistle Flute,recorder,Alto Recorder,Wood,Wood | ivory,Alto Recorder,http://www.metmuseum.org/art/collection/search/505681
505725,Aerophone,Organ,Organ,Chest Organ,Wood,Wood | stone | leather | metal,Chest Organ,http://www.metmuseum.org/art/collection/search/505725
505798,Aerophone,Lip Vibrated,Lip Vibrated,Cor Solo,Brass,Brass | silver,Cor Solo,http://www.metmuseum.org/art/collection/search/505798
506045,Aerophone,Other,Other,Galoubet,Ivory,Ivory | leather,Galoubet,http://www.metmuseum.org/art/collection/search/506045
506053,Aerophone,Whistle Flute,recorder,Bass Recorder,Wood (fruit wood),Wood (fruit wood) | brass | ivory,Bass Recorder,http://www.metmuseum.org/art/collection/search/506053
506723,Aerophone,Whistle Flute,recorder,Tenor Recorder,Wood,Wood | metal | various materials,Tenor Recorder,http://www.metmuseum.org/art/collection/search/506723
506725,Aerophone,Reed Vibrated,double reed,Dulzian,Wood,Wood | metal | various materials,Dulzian,http://www.metmuseum.org/art/collection/search/506725
506785,Aerophone,Reed Vibrated,double reed,Tenor Oboe,Stained pearwood,Stained pearwood | brass,Tenor Oboe,http://www.metmuseum.org/art/collection/search/506785
506816,Aerophone,Lip Vibrated,Lip Vibrated,Serpent,Wood,Wood | leather | paint | brass,Serpent,http://www.metmuseum.org/art/collection/search/506816
631124,Aerophone,Lip Vibrated,Lip Vibrated,Tuba,Wood,Wood | metal | various materials,Tuba,http://www.metmuseum.org/art/collection/search/631124
652387,Aerophone,Lip Vibrated,trumpet / trombone,Tenor valve trombone,Brass,Brass | white metal | cork,Tenor valve trombone,http://www.metmuseum.org/art/collection/search/652387
718397,Aerophone,Blow Hole,end-blown flute (vertical),Yuping Xiao (end-blown flute),Wood,Wood | metal | various materials,Yuping Xiao (end-blown flute),http://www.metmuseum.org/art/collection/search/718397
768802,Aerophone,Lip Vibrated,Lip Vibrated,Paracas ceramic trumpet,Ceramic,Ceramic | polychrome,Paracas ceramic trumpet,http://www.metmuseum.org/art/collection/search/768802
